排名,concept_name,concept_code,latest_price,pct_amount,pct_chg,total_mv,turn,up_count,down_count,leader_stock,leader_pct_chg,fetch_time
1,昨日打二板以上表现,BK1645,2060.02,132.35,6.87,67164648000,9.94,5,0,金 螳 螂,10.02,2026-04-22 14:49:30
2,光通信模块,BK1136,3818.93,185.34,5.1,5722118656000,7.51,77,6,永鼎股份,10.0,2026-04-22 14:49:30
3,CPO概念,BK1128,8424.38,387.3,4.82,5956353280000,5.11,46,3,永鼎股份,10.0,2026-04-22 14:49:30
4,昨日连板_含一字,BK1051,7962.13,324.12,4.24,138308140000,14.93,13,2,金 螳 螂,10.02,2026-04-22 14:49:30
5,昨日连板,BK0816,7499.04,293.68,4.08,97845999000,15.28,11,2,金 螳 螂,10.02,2026-04-22 14:49:30
6,光纤概念,BK1660,1204.37,47.01,4.06,3482037408000,3.91,56,9,永鼎股份,10.0,2026-04-22 14:49:30
7,EDR概念,BK1049,1945.22,71.1,3.79,358423936000,2.28,10,3,协创数据,20.0,2026-04-22 14:49:30
8,F5G概念,BK1088,5258.0,184.46,3.64,1980417264000,3.17,21,4,亨通光电,10.0,2026-04-22 14:49:30
9,高带宽内存,BK1152,1926.73,59.84,3.21,1481851424000,5.09,28,0,华特气体,17.78,2026-04-22 14:49:30
10,华为海思,BK1180,2073.79,64.18,3.19,1080334608000,4.77,34,6,晶赛科技,30.0,2026-04-22 14:49:30
11,英伟达概念,BK1161,2213.49,66.71,3.11,3341220320000,4.18,50,9,安诺其,20.0,2026-04-22 14:49:30
12,玻璃基板,BK1175,2453.38,70.36,2.95,1024888560000,3.1,28,7,沃格光电,10.0,2026-04-22 14:49:30
14,历史新高,BK1675,1095.94,28.82,2.7,4637610240000,6.85,35,11,沃格光电,10.0,2026-04-22 14:49:30
13,先进封装,BK1101,2760.58,72.48,2.7,1515993904000,5.53,25,3,沃格光电,10.0,2026-04-22 14:49:30
15,MLCC,BK0890,3597.59,91.45,2.61,459748352000,4.29,15,2,博迁新材,10.0,2026-04-22 14:49:30
16,OLED,BK0840,4048.93,99.06,2.51,3784958656000,3.92,98,31,安诺其,20.0,2026-04-22 14:49:30
17,昨日涨停_含一字,BK1050,40116.39,971.8,2.48,623252464000,11.75,42,22,金 螳 螂,10.02,2026-04-22 14:49:30
18,WiFi,BK0915,1699.82,40.31,2.43,844673216000,2.85,27,4,紫光股份,8.73,2026-04-22 14:49:30
19,AIPC,BK1164,2592.47,61.24,2.42,1891437728000,4.0,39,6,鹏鼎控股,10.01,2026-04-22 14:49:30
20,AI手机,BK1162,2001.16,47.14,2.41,1192066656000,3.58,29,5,鹏鼎控股,10.01,2026-04-22 14:49:30
21,通信技术,BK1650,1091.9,25.22,2.36,14947439872000,3.77,297,86,武汉凡谷,10.02,2026-04-22 14:49:30
22,中芯概念,BK0935,2103.27,48.5,2.36,3481356992000,3.0,56,10,华特气体,17.73,2026-04-22 14:49:30
23,百元股,BK1059,957.97,22.0,2.35,22319998208000,3.54,199,48,博迁新材,10.0,2026-04-22 14:49:30
24,纳米银,BK0855,3517.7,80.71,2.35,114348712000,8.18,5,2,行云科技,7.4,2026-04-22 14:49:30
25,东方财富热股,BK1637,1499.09,34.12,2.33,9802565120000,7.26,65,35,金 螳 螂,10.02,2026-04-22 14:49:30
26,铜缆高速连接,BK1168,2829.38,63.59,2.3,1288464944000,4.25,32,6,蘅东光,13.2,2026-04-22 14:49:30
27,液冷概念,BK1138,2194.02,49.03,2.29,6131352576000,4.79,98,31,康盛股份,9.95,2026-04-22 14:49:30
28,MiniLED,BK0902,2604.0,57.63,2.26,1678731728000,3.54,48,18,三安光电,10.01,2026-04-22 14:49:30
30,空间计算,BK1143,1643.93,36.24,2.25,199573771000,3.65,15,9,宏景科技,17.73,2026-04-22 14:49:30
29,IPv6,BK0897,1496.45,32.93,2.25,646465296000,2.93,9,4,紫光股份,8.73,2026-04-22 14:49:30
31,MicroLED,BK0948,1466.57,31.99,2.23,813115024000,2.83,24,7,三安光电,10.01,2026-04-22 14:49:30
32,算力概念,BK1134,2137.34,45.4,2.17,11257329664000,3.51,142,44,安诺其,20.0,2026-04-22 14:49:30
33,复合集流体,BK1113,1798.51,38.04,2.16,473206704000,6.31,20,8,沃格光电,10.0,2026-04-22 14:49:30
34,华为欧拉,BK1013,1369.84,28.81,2.15,229649027000,4.97,14,1,软通动力,7.85,2026-04-22 14:49:30
35,星闪概念,BK1149,1473.57,30.61,2.12,592519088000,3.02,33,4,鸿泉技术,11.52,2026-04-22 14:49:30
37,PCB,BK0877,3657.16,75.1,2.1,4212000448000,4.68,110,25,天通股份,9.99,2026-04-22 14:49:30
36,华为昇腾,BK0995,1763.82,36.29,2.1,647467488000,3.89,39,6,深圳华强,10.01,2026-04-22 14:49:30
39,存储芯片,BK1137,2552.65,52.11,2.08,5477831424000,4.66,90,19,协创数据,20.0,2026-04-22 14:49:30
38,毫米波概念,BK1124,2552.11,51.96,2.08,1154254400000,5.73,35,12,武汉凡谷,10.02,2026-04-22 14:49:30
40,MLOps概念,BK1132,1197.63,24.25,2.07,154917624000,4.32,8,2,东方国信,7.86,2026-04-22 14:49:30
41,2026—季报扭亏,BK1682,1015.28,20.61,2.07,469484688000,5.64,6,3,龙蟠科技,9.99,2026-04-22 14:49:30
44,苹果概念,BK0666,5462.88,110.3,2.06,5349577728000,3.05,95,26,三安光电,10.01,2026-04-22 14:49:30
42,昨日首板,BK1630,1941.06,39.24,2.06,451185760000,10.7,26,19,安诺其,20.0,2026-04-22 14:49:30
43,腾讯云,BK1189,1140.95,23.08,2.06,627140096000,4.11,14,5,宏景科技,17.73,2026-04-22 14:49:30
45,昨日涨停,BK0815,62921.92,1254.96,2.04,568639088000,11.9,37,22,金 螳 螂,10.02,2026-04-22 14:49:30
46,柔性屏(折叠屏),BK1160,2196.15,43.08,2.0,1585924560000,2.81,60,13,沃格光电,10.0,2026-04-22 14:49:30
47,植物照明,BK1007,1282.12,25.13,2.0,200855798000,4.66,12,6,三安光电,10.01,2026-04-22 14:49:30
48,激光雷达,BK1002,2864.8,55.87,1.99,1023742240000,4.88,33,10,仕佳光子,7.0,2026-04-22 14:49:30
49,蓝宝石,BK0674,3995.94,77.78,1.99,742168272000,5.34,12,6,三安光电,10.01,2026-04-22 14:49:30
50,5G概念,BK0714,2124.27,40.49,1.94,14503075328000,3.66,241,81,武汉凡谷,10.02,2026-04-22 14:49:30
51,AI眼镜,BK1178,2393.46,45.48,1.94,3743644320000,3.28,98,21,三安光电,10.01,2026-04-22 14:49:30
54,第三代半导体,BK0952,2347.84,44.41,1.93,2969370512000,4.97,78,31,金 螳 螂,10.02,2026-04-22 14:49:30
55,光刻机(胶),BK0884,4515.34,85.67,1.93,1904521408000,4.59,69,26,沃格光电,10.0,2026-04-22 14:49:30
52,UWB概念,BK0880,2084.24,39.53,1.93,510112928000,2.55,16,3,力源信息,6.73,2026-04-22 14:49:30
53,地热能,BK0622,6494.18,123.01,1.93,127212835000,5.14,5,4,冰轮环境,10.01,2026-04-22 14:49:30
56,汽车芯片,BK0969,1556.4,29.31,1.92,1995790736000,3.09,56,13,三安光电,10.01,2026-04-22 14:49:30
57,超导概念,BK0679,7819.85,146.7,1.91,656769200000,2.77,15,4,中信金属,10.02,2026-04-22 14:49:30
59,云计算,BK0579,3838.21,71.57,1.9,7835846400000,2.84,129,31,杭钢股份,9.97,2026-04-22 14:49:30
58,荣耀概念,BK1177,2215.13,41.31,1.9,1274050688000,2.79,45,10,三安光电,10.01,2026-04-22 14:49:30
61,半导体概念,BK0917,2662.79,49.14,1.88,15805843968000,3.53,360,109,金 螳 螂,10.02,2026-04-22 14:49:30
62,国产芯片,BK0891,4860.44,89.48,1.88,14990282496000,3.46,293,77,安诺其,20.0,2026-04-22 14:49:30
60,被动元件概念,BK0976,2071.42,38.26,1.88,661168272000,4.42,23,4,伊戈尔,6.61,2026-04-22 14:49:30
63,2026—季报预增,BK1680,1027.01,18.64,1.85,4350328320000,3.4,77,28,金洲管道,9.97,2026-04-22 14:49:30
64,CAR-T细胞疗法,BK0986,1255.27,22.49,1.82,574383584000,1.81,18,5,阳普医疗,8.44,2026-04-22 14:49:30
65,碳基材料,BK1006,1190.39,21.13,1.81,199605917000,3.46,14,5,翔丰华,19.99,2026-04-22 14:49:30
66,氦气概念,BK0949,3018.92,53.45,1.8,262859447000,6.58,7,8,水发燃气,10.06,2026-04-22 14:49:30
67,显示技术,BK1651,1011.17,17.67,1.78,847228176000,2.51,37,11,沃格光电,10.0,2026-04-22 14:49:30
68,6G概念,BK0964,2542.62,44.3,1.77,3185914096000,6.98,27,9,亨通光电,10.0,2026-04-22 14:49:30
69,混合现实,BK1141,1939.14,33.72,1.77,1398773152000,2.62,22,8,精测电子,9.05,2026-04-22 14:49:30
70,东数西算,BK1064,2133.6,36.72,1.75,1675443920000,5.34,49,17,冰轮环境,10.01,2026-04-22 14:49:30
71,2025三季报预减,BK1199,1286.12,21.75,1.72,70556659000,2.92,8,0,奥来德,3.39,2026-04-22 14:49:30
73,大盘成长,BK1665,1076.51,18.01,1.7,17432735744000,1.36,68,23,三安光电,10.01,2026-04-22 14:49:30
72,无线耳机,BK0893,2584.95,43.26,1.7,3199118528000,3.7,64,14,鹏鼎控股,10.01,2026-04-22 14:49:30
74,最近多板,BK1638,1460.57,24.22,1.69,2134386736000,10.09,91,59,金 螳 螂,10.02,2026-04-22 14:49:30
76,百日新高,BK1676,1073.05,17.65,1.67,6304626176000,5.18,78,38,金 螳 螂,10.02,2026-04-22 14:49:30
75,第四代半导体,BK1121,2364.15,38.93,1.67,205894257000,4.18,4,1,衢州发展,7.18,2026-04-22 14:49:30
77,AI芯片,BK1127,1936.75,31.47,1.65,2808108496000,3.06,35,4,力源信息,6.65,2026-04-22 14:49:30
78,消费电子概念,BK1646,1053.58,16.66,1.61,5218823168000,3.35,140,35,天通股份,9.99,2026-04-22 14:49:30
79,近期新高,BK1674,1068.88,16.81,1.6,6314524160000,5.68,83,40,金 螳 螂,10.02,2026-04-22 14:49:30
80,小米概念,BK0833,2531.8,39.46,1.58,4648150528000,2.85,163,59,沃格光电,10.0,2026-04-22 14:49:30
81,超级电容,BK0703,5629.96,87.44,1.58,817254048000,4.02,20,11,博迁新材,10.0,2026-04-22 14:49:30
82,屏下摄像,BK0947,955.37,14.81,1.57,510333440000,1.82,7,1,中兴通讯,6.28,2026-04-22 14:49:30
84,智能穿戴,BK0641,4201.7,63.44,1.53,3887069856000,3.02,105,19,沃格光电,10.0,2026-04-22 14:49:30
83,创业成份,BK0638,2552.94,38.37,1.53,10140078592000,3.25,74,25,协创数据,20.0,2026-04-22 14:49:30
85,无线充电,BK0960,3671.39,55.22,1.53,2414046336000,3.9,31,8,天通股份,9.99,2026-04-22 14:49:30
86,LED概念,BK0580,4932.8,73.54,1.51,2177734992000,3.38,68,30,三安光电,10.01,2026-04-22 14:49:30
87,电子烟,BK0865,2858.38,42.21,1.5,1551552112000,4.14,35,17,沃格光电,10.0,2026-04-22 14:49:30
88,财税数字化,BK1176,1907.24,28.1,1.5,531306096000,2.06,33,7,宏景科技,17.73,2026-04-22 14:49:30
90,中盘成长,BK1669,1071.16,15.72,1.49,10797865216000,2.64,170,61,永鼎股份,10.0,2026-04-22 14:49:30
89,石墨烯,BK0617,3042.13,44.74,1.49,1221119936000,4.04,41,26,杭电股份,10.02,2026-04-22 14:49:30
91,网络安全,BK0655,5099.3,73.2,1.46,4987142400000,2.49,98,32,永鼎股份,10.0,2026-04-22 14:49:30
92,稀缺资源,BK0519,38736.17,557.4,1.46,5486407936000,1.99,48,29,中信金属,10.02,2026-04-22 14:49:30
94,基金重仓,BK0536,14597.46,208.07,1.45,3112057600000,2.69,30,10,新易盛,8.06,2026-04-22 14:49:30
93,C2M概念,BK0955,1459.38,20.82,1.45,309911440000,1.63,17,20,安诺其,20.0,2026-04-22 14:49:30
95,互联网服务,BK0447,33829.31,479.7,1.44,2209818304000,4.67,105,38,恒为科技,9.99,2026-04-22 14:49:30
96,量子科技,BK0710,3782.01,53.3,1.43,2526548592000,1.42,35,18,亨通光电,10.0,2026-04-22 14:49:30
97,3D摄像头,BK0901,1785.26,25.24,1.43,767338112000,3.06,7,2,晶方科技,3.72,2026-04-22 14:49:30
99,无人驾驶,BK0802,2365.66,33.21,1.42,7905352960000,2.6,198,70,康盛股份,9.95,2026-04-22 14:49:30
100,数据中心,BK0922,2349.66,32.85,1.42,9637902848000,2.73,165,75,永鼎股份,10.0,2026-04-22 14:49:30
98,VPN,BK0885,1370.27,19.2,1.42,386418304000,5.27,15,4,优刻得-W,5.51,2026-04-22 14:49:30
101,智能电视,BK0656,1410.2,19.2,1.38,313110880000,2.67,9,2,兆驰股份,9.1,2026-04-22 14:49:30
102,小盘成长,BK1667,1076.93,14.46,1.36,6481053440000,3.58,220,104,博迁新材,10.0,2026-04-22 14:49:30
103,华为概念,BK0854,4634.19,61.49,1.34,19043023872000,3.13,503,235,武汉凡谷,10.02,2026-04-22 14:49:30
104,湖北自贸,BK0926,2417.7,32.03,1.34,657046880000,3.84,16,12,光电股份,10.0,2026-04-22 14:49:30
105,边缘计算,BK0860,2359.49,30.67,1.32,3421066112000,2.34,99,26,剑桥科技,9.18,2026-04-22 14:49:30
107,IGBT概念,BK1048,1045.78,13.3,1.29,2167117712000,2.47,28,14,科威尔,11.32,2026-04-22 14:49:30
106,钛白粉概念,BK0805,1553.45,19.73,1.29,234771348000,1.6,10,2,坤彩科技,3.91,2026-04-22 14:49:30
108,物联网,BK0554,18290.71,231.02,1.28,10835278080000,2.92,264,111,武汉凡谷,10.02,2026-04-22 14:49:30
109,信创,BK1104,2040.45,25.72,1.28,4471773952000,3.06,185,56,恒为科技,9.99,2026-04-22 14:49:30
111,机器视觉,BK0998,2119.64,26.59,1.27,940079424000,2.87,63,23,光电股份,10.0,2026-04-22 14:49:30
110,小金属概念,BK0695,4717.71,59.15,1.27,5670392064000,2.65,62,48,中信金属,10.02,2026-04-22 14:49:30
112,国资云概念,BK1008,1716.76,21.58,1.27,478892976000,4.36,14,6,杭钢股份,9.97,2026-04-22 14:49:30
114,碳化硅,BK0977,2088.48,26.07,1.26,1372935760000,4.55,32,11,三安光电,10.01,2026-04-22 14:49:30
115,智谱AI概念,BK1182,1326.31,16.44,1.26,481809440000,4.82,21,12,并行科技,5.9,2026-04-22 14:49:30
113,工业气体,BK0981,2545.88,31.68,1.26,607466640000,3.32,17,11,诚志股份,10.05,2026-04-22 14:49:30
116,熔盐储能,BK1103,1192.17,14.54,1.23,108670723000,2.07,6,5,冰轮环境,10.01,2026-04-22 14:49:30
117,ChatGPT概念,BK1126,2200.82,26.55,1.22,1347156400000,3.38,44,23,金证股份,10.0,2026-04-22 14:49:30
118,氮化镓,BK0916,1955.54,23.26,1.2,1310016096000,4.7,35,11,三安光电,10.01,2026-04-22 14:49:30
119,锂矿概念,BK1173,2489.06,29.63,1.2,4740841472000,3.14,23,13,新迅达,7.97,2026-04-22 14:49:30
120,宁组合,BK1000,647.58,7.62,1.19,5394649344000,1.73,19,5,三安光电,10.01,2026-04-22 14:49:30
121,超清视频,BK0859,2320.25,27.15,1.18,3036578304000,2.49,64,31,天通股份,9.99,2026-04-22 14:49:30
123,传感器,BK0905,2399.69,27.72,1.17,2429622784000,3.5,75,44,立达信,10.02,2026-04-22 14:49:30
122,虚拟机器人,BK1190,1365.01,15.79,1.17,668006384000,2.78,13,2,金证股份,10.0,2026-04-22 14:49:30
124,大数据,BK0634,5933.03,67.84,1.16,6702024448000,3.24,201,89,永鼎股份,10.0,2026-04-22 14:49:30
125,车联网(车路云),BK0920,1654.34,18.85,1.15,6515373568000,2.53,139,70,协创数据,20.0,2026-04-22 14:49:30
126,鸿蒙概念,BK0953,1686.54,18.79,1.13,2586158080000,3.15,90,30,立达信,10.02,2026-04-22 14:49:30
127,北交所概念,BK0925,2418.15,26.86,1.12,371812656000,4.3,14,10,京投发展,10.04,2026-04-22 14:49:30
128,3D玻璃,BK0881,1674.02,18.26,1.1,404014304000,5.77,9,5,沃格光电,10.0,2026-04-22 14:49:30
131,新型工业化,BK1150,1591.86,17.24,1.09,2813239408000,2.33,64,36,恒为科技,9.99,2026-04-22 14:49:30
129,特高压,BK0918,3150.1,33.86,1.09,2333773568000,3.42,50,37,杭电股份,10.02,2026-04-22 14:49:30
130,高压快充,BK1144,1645.06,17.7,1.09,866536240000,4.04,38,18,鑫宏业,7.39,2026-04-22 14:49:30
133,2025年报预增,BK1677,1015.72,10.83,1.08,18684846848000,2.22,391,220,永鼎股份,10.0,2026-04-22 14:49:30
132,CRO,BK0899,1932.51,20.64,1.08,743805424000,1.72,29,8,昊帆生物,9.16,2026-04-22 14:49:30
134,生物识别,BK0970,1863.93,19.69,1.07,1160954144000,2.2,35,16,*ST赛为,12.52,2026-04-22 14:49:30
135,可控核聚变,BK1163,2630.1,27.13,1.04,2541739840000,2.06,48,29,永鼎股份,10.0,2026-04-22 14:49:30
136,3D打印,BK0619,8763.52,89.6,1.03,1167912768000,3.59,45,26,安诺其,20.0,2026-04-22 14:49:30
137,科创板做市股,BK1108,1363.75,13.79,1.02,2181508960000,1.43,31,13,DR福立旺,8.57,2026-04-22 14:49:30
138,智慧城市,BK0628,6210.08,61.58,1.0,2849385424000,2.8,133,80,金证股份,10.0,2026-04-22 14:49:30
139,燃料电池概念,BK0682,4731.77,46.96,1.0,3500155888000,2.42,83,58,康盛股份,9.95,2026-04-22 14:49:30
140,小米汽车,BK1155,1815.83,17.96,1.0,5059074816000,2.34,69,33,亨通光电,10.0,2026-04-22 14:49:30
142,专精特新,BK1005,1796.08,17.56,0.99,13125877248000,3.56,784,441,海星股份,10.0,2026-04-22 14:49:30
143,深证100R,BK0743,1391.65,13.58,0.99,17716709632000,1.21,55,44,东山精密,10.0,2026-04-22 14:49:30
141,磷化工,BK1010,1090.45,10.64,0.99,1331383776000,2.34,29,17,史丹利,9.98,2026-04-22 14:49:30
144,特斯拉概念,BK0644,7561.94,73.74,0.98,7488194048000,2.77,131,76,天通股份,9.99,2026-04-22 14:49:30
145,AI制药（医疗）,BK1170,1416.17,13.43,0.96,712185280000,2.81,40,19,泓博医药,8.72,2026-04-22 14:49:30
146,2025三季报预增,BK1198,1137.59,10.76,0.95,3839413792000,2.42,51,37,涛涛车业,15.09,2026-04-22 14:49:30
147,重组蛋白,BK1063,1105.98,10.4,0.95,266084753000,2.45,12,6,迈威生物-U,8.28,2026-04-22 14:49:30
149,智能家居,BK0680,3281.84,30.45,0.94,4139537344000,2.26,98,60,立达信,10.02,2026-04-22 14:49:30
148,EDA概念,BK0946,1560.63,14.6,0.94,263932721000,1.98,9,3,广立微,3.19,2026-04-22 14:49:30
150,DeepSeek概念,BK1188,1407.91,12.72,0.91,4650494208000,3.09,167,82,万马科技,15.07,2026-04-22 14:49:30
152,电网概念,BK1647,966.71,8.7,0.91,3651298448000,4.07,137,85,杭电股份,10.02,2026-04-22 14:49:30
151,减肥药,BK1146,1325.65,11.95,0.91,933566720000,1.8,26,9,信立泰,4.58,2026-04-22 14:49:30
153,尾气治理,BK0932,2169.25,19.54,0.91,370200048000,4.15,17,18,龙蟠科技,9.99,2026-04-22 14:49:30
154,电池技术,BK1648,1019.66,9.05,0.9,15894625280000,2.96,353,222,博迁新材,10.0,2026-04-22 14:49:30
157,人工智能,BK0800,1963.58,17.41,0.89,14712811520000,2.49,454,232,苏州高新,9.97,2026-04-22 14:49:30
155,中盘股,BK1664,1039.79,9.21,0.89,20626573824000,1.69,302,182,中信金属,10.02,2026-04-22 14:49:30
158,人形机器人,BK1184,1855.55,16.4,0.89,5721558784000,2.34,151,82,斯莱克,15.8,2026-04-22 14:49:30
156,固态电池,BK0968,2813.03,24.93,0.89,7297116928000,3.48,131,78,翔丰华,19.99,2026-04-22 14:49:30
159,机器人概念,BK1090,2208.77,19.2,0.88,14263005696000,2.49,433,238,光电股份,10.0,2026-04-22 14:49:30
160,创新医疗服务,BK1658,1004.37,8.8,0.88,1448022736000,1.87,54,23,九安医疗,9.18,2026-04-22 14:49:30
162,智能电网,BK0581,2436.74,21.12,0.87,3136748048000,3.89,121,70,恒为科技,9.99,2026-04-22 14:49:30
161,电子纸概念,BK1057,1229.12,10.61,0.87,355219040000,2.93,10,3,劲拓股份,3.69,2026-04-22 14:49:30
164,深成500,BK0568,1541.71,13.16,0.86,31437605632000,1.91,304,182,东山精密,10.0,2026-04-22 14:49:30
163,数字货币,BK0883,1993.62,17.06,0.86,1129595408000,2.37,57,24,金证股份,10.0,2026-04-22 14:49:30
166,小盘股,BK1643,969.54,8.16,0.85,17471159040000,2.59,582,392,博迁新材,10.0,2026-04-22 14:49:30
168,2025年报扭亏,BK1679,1013.44,8.53,0.85,5676242432000,3.28,199,165,光电股份,10.0,2026-04-22 14:49:30
167,多模态AI,BK1153,1408.02,11.87,0.85,1245780128000,3.21,40,26,九安医疗,9.18,2026-04-22 14:49:30
165,电子后视镜,BK1125,1809.78,15.23,0.85,346737264000,2.23,12,11,盛视科技,8.75,2026-04-22 14:49:30
170,锂电池概念,BK0574,4773.34,39.6,0.84,12462193408000,3.34,246,164,博迁新材,10.0,2026-04-22 14:49:30
171,充电桩,BK0700,3428.98,28.52,0.84,5538888448000,3.23,163,91,天通股份,9.99,2026-04-22 14:49:30
169,盲盒经济,BK0954,1542.67,12.88,0.84,136061878000,3.57,6,6,顺网科技,4.69,2026-04-22 14:49:30
174,中证500,BK0701,2704.82,22.27,0.83,19559358208000,1.79,297,181,中信金属,10.02,2026-04-22 14:49:30
172,深圳特区,BK0549,41997.17,346.26,0.83,11614616832000,2.05,208,136,翔丰华,19.99,2026-04-22 14:49:30
175,昨日高振幅,BK1633,992.26,8.18,0.83,7701187584000,6.96,189,166,海星股份,10.0,2026-04-22 14:49:30
173,工业母机,BK1004,2321.02,19.12,0.83,1840010688000,2.04,60,24,乔锋智能,8.96,2026-04-22 14:49:30
177,上证380,BK0705,3073.87,24.93,0.82,12451986432000,1.47,220,145,中信金属,10.02,2026-04-22 14:49:30
176,Web3.0,BK1110,2009.02,16.34,0.82,585913872000,5.16,30,18,东方国信,7.8,2026-04-22 14:49:30
179,体外诊断概念,BK0841,1423.95,11.47,0.81,851316080000,1.78,43,23,九安医疗,10.0,2026-04-22 14:49:30
178,碳纤维,BK1171,1922.54,15.48,0.81,630589920000,4.0,23,15,博云新材,6.74,2026-04-22 14:49:30
180,区块链,BK0830,1213.78,9.6,0.8,9730590720000,1.3,141,83,安诺其,20.0,2026-04-22 14:49:30
182,AI智能体,BK0809,1316.4,10.44,0.8,2065060384000,3.7,90,49,宏景科技,17.58,2026-04-22 14:49:30
183,钠离子电池,BK0988,2083.32,16.57,0.8,3428053568000,3.34,40,25,翔丰华,19.99,2026-04-22 14:49:30
181,增强现实,BK0801,1539.02,12.28,0.8,953146512000,2.51,30,15,环旭电子,6.47,2026-04-22 14:49:30
187,新材料,BK0523,40993.62,320.58,0.79,7381826304000,3.27,215,157,安诺其,20.0,2026-04-22 14:49:30
185,AI应用,BK1629,862.62,6.79,0.79,3778540272000,2.88,125,72,协创数据,20.0,2026-04-22 14:49:30
188,阿里概念,BK0689,2927.28,23.03,0.79,5123534336000,2.3,100,65,杭钢股份,9.97,2026-04-22 14:49:30
186,卫星互联网,BK0921,2349.23,18.3,0.79,2851361056000,2.17,50,38,武汉凡谷,10.02,2026-04-22 14:49:30
184,券商概念,BK0711,1102.25,8.63,0.79,3876995696000,0.91,41,10,金证股份,10.0,2026-04-22 14:49:30
189,新能源车,BK0900,2726.09,21.09,0.78,17120180480000,3.05,391,265,永鼎股份,10.0,2026-04-22 14:49:30
190,国产软件,BK0696,3775.5,28.8,0.77,3311665712000,3.1,163,67,恒为科技,9.99,2026-04-22 14:49:30
193,昨日高换手,BK1632,813.45,6.22,0.77,1223566528000,16.52,46,44,华电辽能,9.96,2026-04-22 14:49:30
192,精准诊断,BK1659,991.71,7.58,0.77,817069344000,1.67,40,20,九安医疗,9.18,2026-04-22 14:49:30
191,核污染防治,BK0983,1959.1,15.0,0.77,501274720000,1.34,18,13,优利德,17.39,2026-04-22 14:49:30
194,移动支付,BK0556,13199.39,99.03,0.76,3118396416000,1.68,44,23,国民技术,6.62,2026-04-22 14:49:30
195,数字水印,BK1129,1177.73,8.83,0.76,127081364000,5.89,10,8,东方国信,7.8,2026-04-22 14:49:30
196,数据安全,BK1047,1116.67,8.32,0.75,1188409648000,1.84,53,26,恒为科技,9.99,2026-04-22 14:49:30
197,PEEK材料概念,BK1156,2012.52,14.97,0.75,906864208000,3.0,27,15,江苏博云,20.0,2026-04-22 14:49:30
200,融资融券,BK0596,3374.37,24.84,0.74,121892589568000,1.48,2168,1554,金 螳 螂,10.02,2026-04-22 14:49:30
199,虚拟现实,BK0722,1396.01,10.29,0.74,4346053888000,2.84,133,81,精测电子,8.99,2026-04-22 14:49:30
198,虚拟电厂,BK0958,2545.01,18.63,0.74,1092858256000,2.97,40,26,东方国信,8.31,2026-04-22 14:49:30
201,PLC概念,BK1119,1495.15,10.97,0.74,364104896000,1.82,8,2,宝信软件,3.76,2026-04-22 14:49:30
202,氟化工概念,BK0690,5934.7,42.83,0.73,1130978560000,3.06,20,16,光电股份,10.0,2026-04-22 14:49:30
203,转债标的,BK0528,13362.69,96.02,0.72,6835915520000,1.92,194,144,翔丰华,19.99,2026-04-22 14:49:30
204,储能概念,BK0989,2643.06,18.69,0.71,13067131136000,2.73,255,180,苏州高新,9.97,2026-04-22 14:49:30
207,氢能源,BK0864,1687.24,11.92,0.71,6335330560000,2.12,145,116,华电辽能,9.96,2026-04-22 14:49:30
206,工业互联,BK0832,2804.86,19.84,0.71,6185842432000,2.37,128,67,工业富联,9.3,2026-04-22 14:49:30
208,数据要素,BK1135,1286.65,9.01,0.71,2132514432000,2.31,99,56,鸿泉技术,11.52,2026-04-22 14:49:30
205,互联医疗,BK0837,1102.88,7.82,0.71,4571188736000,1.71,56,39,九安医疗,10.0,2026-04-22 14:49:30
210,沪股通,BK0707,2690.59,18.48,0.69,75773177856000,1.04,829,659,中信金属,10.02,2026-04-22 14:49:30
209,创业板综,BK0742,2109.67,14.52,0.69,20244642304000,3.73,751,580,安诺其,20.0,2026-04-22 14:49:30
211,互联网金融,BK0637,5369.78,36.82,0.69,20974469376000,0.47,120,69,苏州高新,9.97,2026-04-22 14:49:30
214,医疗器械概念,BK0668,4602.31,31.26,0.68,5284632832000,2.0,188,141,世嘉科技,10.0,2026-04-22 14:49:30
217,创新药,BK1106,1534.53,10.4,0.68,3672796128000,1.81,103,65,泓博医药,8.74,2026-04-22 14:49:30
215,抖音概念(字节概念),BK0923,1613.79,10.87,0.68,2088887552000,4.58,49,42,*ST赛为,12.52,2026-04-22 14:49:30
212,免疫治疗,BK0698,1619.35,10.86,0.68,487562736000,1.46,24,18,迈威生物-U,8.36,2026-04-22 14:49:30
213,胎压监测,BK0898,2576.71,17.3,0.68,393802656000,1.96,14,14,鸿泉技术,11.52,2026-04-22 14:49:30
216,发电机概念,BK1014,2006.61,13.6,0.68,226094349000,1.98,10,13,*ST金灵,5.59,2026-04-22 14:49:30
218,百度概念,BK0845,1906.88,12.68,0.67,3547907088000,3.36,89,58,博睿数据,11.75,2026-04-22 14:49:30
221,MSCI中国,BK0821,1536.11,10.03,0.66,81728634880000,0.85,304,255,东方电缆,10.0,2026-04-22 14:49:30
220,无人机,BK0704,2935.85,19.24,0.66,4072315248000,3.46,119,92,科翔股份,14.49,2026-04-22 14:49:30
219,华为汽车,BK0984,2579.49,17.03,0.66,2182737184000,2.42,77,40,海泰科,6.8,2026-04-22 14:49:30
222,光伏概念,BK0588,4526.03,29.11,0.65,10317077504000,2.74,238,184,同德化工,10.02,2026-04-22 14:49:30
223,数字经济,BK1061,1400.15,9.07,0.65,2042931472000,2.73,110,70,金证股份,10.0,2026-04-22 14:49:30
225,智慧政务,BK0886,1584.77,10.19,0.65,787571696000,2.52,52,31,宏景科技,17.74,2026-04-22 14:49:30
224,汽车拆解,BK0943,1440.43,9.25,0.65,286042000000,2.39,11,7,杭钢股份,9.97,2026-04-22 14:49:30
227,商业航天,BK0963,2855.06,18.23,0.64,6665912832000,3.51,160,131,金 螳 螂,10.02,2026-04-22 14:49:30
226,元宇宙概念,BK1009,2412.38,15.31,0.64,4495598336000,3.68,80,59,东方国信,7.86,2026-04-22 14:49:30
228,精准医疗,BK0806,1122.8,7.17,0.64,580636208000,1.64,30,14,阳普医疗,8.31,2026-04-22 14:49:30
229,数据确权,BK1118,1576.08,10.0,0.64,271833184000,2.88,19,13,佳华科技,5.5,2026-04-22 14:49:30
230,民爆概念,BK1066,1750.25,10.72,0.62,279105616000,1.42,13,8,同德化工,10.02,2026-04-22 14:49:30
233,深股通,BK0804,1359.01,8.27,0.61,44527836928000,2.6,960,731,金 螳 螂,10.02,2026-04-22 14:49:30
232,风能,BK0595,3033.55,18.28,0.61,9305103104000,2.25,124,105,永鼎股份,10.0,2026-04-22 14:49:30
231,时空大数据,BK1130,1686.73,10.17,0.61,385653648000,3.59,18,8,零点有数,5.24,2026-04-22 14:49:30
234,股权激励,BK0567,3933.3,23.52,0.6,5578822656000,2.07,120,89,海星股份,10.0,2026-04-22 14:49:30
235,网络游戏,BK0509,14405.87,85.58,0.6,1216084768000,2.66,32,35,科新发展,10.02,2026-04-22 14:49:30
236,QFII重仓,BK0535,25517.6,146.25,0.58,5433937920000,4.07,194,186,永鼎股份,10.0,2026-04-22 14:49:30
239,单抗概念,BK0870,1798.61,10.43,0.58,1725801600000,1.24,29,19,迈威生物-U,8.36,2026-04-22 14:49:30
237,BC电池,BK1148,1420.71,8.14,0.58,699068384000,2.84,14,11,帝尔激光,10.59,2026-04-22 14:49:30
238,全息技术,BK0699,3261.03,18.72,0.58,259676611000,3.26,5,5,苏州科达,5.02,2026-04-22 14:49:30
241,碳交易,BK0966,2028.37,11.42,0.57,2897270384000,1.48,69,63,杭电股份,10.02,2026-04-22 14:49:30
240,汽车整车,BK1029,1767.54,9.99,0.57,2115313072000,1.58,16,8,金龙汽车,5.38,2026-04-22 14:49:30
242,磁悬浮概念,BK0975,2562.32,14.2,0.56,913289184000,1.69,11,18,永鼎股份,10.0,2026-04-22 14:49:30
245,跨境支付,BK1071,1704.72,9.26,0.55,13248194560000,0.26,39,22,软通动力,7.85,2026-04-22 14:49:30
244,阿兹海默,BK0894,2123.14,11.65,0.55,277982496000,2.91,16,5,康缘药业,2.67,2026-04-22 14:49:30
243,数字阅读,BK0959,1718.65,9.39,0.55,199635291000,2.17,10,8,天音控股,5.1,2026-04-22 14:49:30
246,培育钻石,BK1023,2524.37,13.31,0.53,257376234000,2.75,7,9,沃尔德,8.78,2026-04-22 14:49:30
248,病原体防治,BK1657,1009.41,5.25,0.52,1817992448000,2.07,97,69,九安医疗,9.18,2026-04-22 14:49:30
249,参股期货,BK0524,33125.88,172.94,0.52,2967937424000,1.09,24,19,新黄浦,7.38,2026-04-22 14:49:30
247,科创板做市商,BK1107,1381.89,7.2,0.52,1828010848000,0.69,8,3,华泰证券,2.22,2026-04-22 14:49:30
250,大盘股,BK1663,1027.57,5.17,0.51,72373440512000,0.6,139,156,三安光电,10.01,2026-04-22 14:49:30
255,AIGC概念,BK1111,2290.8,11.54,0.51,2191350432000,3.72,58,54,协创数据,20.0,2026-04-22 14:49:30
253,独角兽,BK0835,2260.02,11.51,0.51,5160727808000,2.03,57,45,远东股份,9.92,2026-04-22 14:49:30
251,汽车热管理,BK1089,2362.15,12.1,0.51,1192162304000,3.42,53,42,康盛股份,9.95,2026-04-22 14:49:30
252,黄金概念,BK0547,21455.66,107.97,0.51,3461854528000,2.12,36,35,中信金属,10.02,2026-04-22 14:49:30
254,空间站概念,BK0994,2816.98,14.24,0.51,415644672000,5.74,10,10,雷科防务,5.94,2026-04-22 14:49:30
256,毛发医疗,BK0996,1024.26,5.15,0.51,132154163000,1.75,8,9,康惠股份,5.64,2026-04-22 14:49:30
257,创投,BK0506,19250.95,96.23,0.5,5992695296000,2.46,151,136,武汉凡谷,10.02,2026-04-22 14:49:30
259,贬值受益,BK0812,1877.03,9.1,0.49,4614752512000,2.37,92,84,江苏博云,20.0,2026-04-22 14:49:30
258,ERP概念,BK1133,1505.37,7.38,0.49,298939168000,2.77,16,6,宝信软件,3.76,2026-04-22 14:49:30
260,超超临界发电,BK1087,1648.9,7.88,0.48,1440216928000,2.25,28,19,常宝股份,5.22,2026-04-22 14:49:30
261,辅助生殖,BK0939,1130.75,5.41,0.48,579009968000,2.09,28,23,华康洁净,10.86,2026-04-22 14:49:30
262,机构重仓,BK0552,18698.44,87.48,0.47,49028658944000,1.0,536,526,苏州高新,9.97,2026-04-22 14:49:30
263,数字孪生,BK0861,1704.79,7.94,0.47,1030819552000,1.58,52,29,恒为科技,9.99,2026-04-22 14:49:30
264,军工,BK0490,92650.7,427.12,0.46,6935199744000,3.37,218,195,安诺其,20.0,2026-04-22 14:49:30
266,电子车牌,BK0982,1400.84,6.37,0.46,154357119000,3.47,11,6,苏州科达,5.02,2026-04-22 14:49:30
265,Kimi概念,BK1169,1365.68,6.27,0.46,510810384000,4.4,7,8,九安医疗,9.18,2026-04-22 14:49:30
268,并购重组概念,BK1181,1397.99,6.23,0.45,2727804752000,1.63,60,36,思林杰,6.24,2026-04-22 14:49:30
269,职业教育,BK1022,1437.7,6.39,0.45,656867200000,3.29,34,29,武汉凡谷,10.02,2026-04-22 14:49:30
267,抽水蓄能,BK1003,2111.34,9.48,0.45,1248959824000,2.82,20,16,杭电股份,10.02,2026-04-22 14:49:30
273,富时罗素,BK0867,1919.58,8.46,0.44,76384448512000,1.19,637,605,金 螳 螂,10.02,2026-04-22 14:49:30
270,新能源,BK0493,20571.18,89.5,0.44,7721983232000,2.98,109,98,苏州高新,9.97,2026-04-22 14:49:30
272,海工装备,BK0601,2615.24,11.4,0.44,2522719728000,2.57,33,42,东方电缆,10.0,2026-04-22 14:49:30
274,电子身份证,BK1075,1232.01,5.39,0.44,351526736000,2.64,28,9,东方国信,7.8,2026-04-22 14:49:30
271,DRG/DIP,BK1054,1117.14,4.87,0.44,155297176000,1.7,12,5,迪安诊断,1.97,2026-04-22 14:49:30
275,低空经济,BK1166,1866.5,7.96,0.43,4837021184000,2.95,152,135,苏州高新,9.97,2026-04-22 14:49:30
276,次新股,BK0501,29341.03,123.71,0.42,3033294624000,7.83,67,59,蘅东光,13.21,2026-04-22 14:49:30
278,减速器,BK1100,1970.76,8.33,0.42,1103143216000,2.34,49,31,斯莱克,16.04,2026-04-22 14:49:30
277,人造肉,BK0866,1249.53,5.17,0.42,209381834000,4.89,7,11,诚志股份,10.05,2026-04-22 14:49:30
279,航母概念,BK0715,1185.17,4.76,0.4,1268089648000,1.79,15,16,光电股份,10.0,2026-04-22 14:49:30
281,GDR,BK0868,1202.82,4.83,0.4,1591997680000,1.14,6,3,科达制造,2.82,2026-04-22 14:49:30
280,托育服务,BK1074,957.09,3.86,0.4,38108882000,2.72,5,2,鸿合科技,5.19,2026-04-22 14:49:30
285,养老金,BK0823,1792.29,6.9,0.39,4379153920000,1.47,86,78,亨通光电,10.0,2026-04-22 14:49:30
284,大飞机,BK0814,2076.36,8.13,0.39,2376912112000,2.7,47,51,爱乐达,7.17,2026-04-22 14:49:30
282,微利股,BK1642,948.89,3.71,0.39,1285508800000,2.57,46,51,华电辽能,9.96,2026-04-22 14:49:30
283,造纸印刷,BK0470,11486.59,44.28,0.39,290229776000,4.04,20,19,青山纸业,10.0,2026-04-22 14:49:30
288,机器人执行器,BK1145,2063.65,7.88,0.38,792214864000,2.02,21,14,深科达,5.56,2026-04-22 14:49:30
287,股权转让,BK0803,825.36,3.09,0.38,216896322000,2.82,19,22,东望时代,10.05,2026-04-22 14:49:30
286,裸眼3D,BK1142,1354.87,5.11,0.38,338155280000,2.02,15,9,利亚德,2.99,2026-04-22 14:49:30
289,核能核电,BK0577,3158.07,11.66,0.37,5060102400000,1.7,92,94,冰轮环境,10.01,2026-04-22 14:49:30
291,节能环保,BK0494,16222.5,57.99,0.36,5919821312000,2.55,192,214,安诺其,20.0,2026-04-22 14:49:30
290,长江三角,BK0594,3107.25,11.13,0.36,10231166976000,2.0,176,216,金 螳 螂,10.02,2026-04-22 14:49:30
292,生态农业,BK0669,1651.94,5.81,0.35,327577840000,4.09,17,21,史丹利,9.98,2026-04-22 14:49:30
293,HS300_,BK0500,12569.22,42.31,0.34,68762976256000,0.58,129,163,东山精密,10.0,2026-04-22 14:49:30
294,安防概念,BK0667,3612.52,12.36,0.34,1901735232000,3.09,66,49,紫光股份,8.73,2026-04-22 14:49:30
295,水利建设,BK0597,2261.21,7.58,0.34,2436445264000,2.05,45,61,苏州高新,9.97,2026-04-22 14:49:30
296,东北振兴,BK0838,1269.94,4.35,0.34,790991296000,2.23,22,31,华电辽能,9.96,2026-04-22 14:49:30
297,飞行汽车(eVTOL),BK1157,2196.65,7.22,0.33,1248199920000,2.08,48,37,长源东谷,7.87,2026-04-22 14:49:30
298,化工原料,BK0512,30815.87,102.75,0.33,1626321776000,2.54,35,42,华特气体,17.61,2026-04-22 14:49:30
299,空气能热泵,BK1102,1745.37,5.66,0.33,1526820608000,1.56,14,21,冰轮环境,10.01,2026-04-22 14:49:30
300,周期股,BK1639,989.38,3.19,0.32,25084247808000,0.81,44,54,三安光电,10.01,2026-04-22 14:49:30
302,绿色电力,BK1024,1429.29,4.36,0.31,6421295872000,2.05,73,82,华电辽能,9.96,2026-04-22 14:49:30
301,在线教育,BK0662,2212.53,6.84,0.31,1552803664000,3.24,58,53,众诚科技,7.9,2026-04-22 14:49:30
303,AH股,BK0499,9662.57,29.1,0.3,43617311488000,0.42,79,94,龙蟠科技,9.99,2026-04-22 14:49:30
308,标准普尔,BK0879,1836.16,5.29,0.29,67610853888000,1.08,459,547,金 螳 螂,10.02,2026-04-22 14:49:30
304,蚂蚁概念,BK0937,829.8,2.38,0.29,6042325760000,0.82,34,25,法本信息,5.61,2026-04-22 14:49:30
306,基因测序,BK0693,2006.98,5.79,0.29,407967056000,2.87,24,15,金域医学,3.48,2026-04-22 14:49:30
305,医废处理,BK0914,1430.48,4.17,0.29,243822746000,1.95,16,15,华康洁净,10.86,2026-04-22 14:49:30
307,海绵城市,BK0724,1095.93,3.19,0.29,311777776000,2.6,13,18,金洲管道,9.97,2026-04-22 14:49:30
309,化债(AMC)概念,BK0980,1183.61,3.31,0.28,1081111776000,1.14,31,25,哈投股份,7.01,2026-04-22 14:49:30
310,幽门螺杆菌概念,BK1056,1019.7,2.89,0.28,464142304000,2.19,26,21,康惠股份,5.61,2026-04-22 14:49:30
311,独家药品,BK0676,2593.87,7.32,0.28,725396128000,1.84,23,19,新里程,3.88,2026-04-22 14:49:30
312,央视50_,BK0610,2527.49,6.83,0.27,16835516160000,0.31,17,30,中天科技,6.66,2026-04-22 14:49:30
313,2025年报预减,BK1678,1006.88,2.59,0.26,3995572432000,2.32,171,196,华电辽能,9.96,2026-04-22 14:49:30
315,合成生物,BK1174,1381.18,3.58,0.26,1497532752000,2.48,65,50,诚志股份,9.95,2026-04-22 14:49:30
314,雅下水电概念,BK1192,1368.89,3.6,0.26,2039883552000,1.71,24,30,冰轮环境,10.01,2026-04-22 14:49:30
316,小盘价值,BK1668,1025.24,2.57,0.25,5540144640000,1.71,169,172,金证股份,10.0,2026-04-22 14:49:30
318,参股新三板,BK0600,3310.65,8.16,0.25,1751107072000,2.94,53,47,苏州高新,9.97,2026-04-22 14:49:30
317,医美概念,BK0889,1898.09,4.8,0.25,1141072672000,1.79,31,43,长光华芯,20.0,2026-04-22 14:49:30
319,代糖概念,BK0938,1143.36,2.73,0.24,163197390000,1.31,5,10,华康股份,7.23,2026-04-22 14:49:30
320,军民融合,BK0808,2309.1,5.3,0.23,3858491904000,3.55,86,91,苏州高新,9.97,2026-04-22 14:49:30
323,参股券商,BK0514,15456.56,35.95,0.23,4104848400000,1.36,56,62,东方电缆,10.0,2026-04-22 14:49:30
321,人脑工程,BK0706,5979.99,13.69,0.23,936460272000,2.46,31,19,优刻得-W,5.53,2026-04-22 14:49:30
322,权重股,BK1662,1030.63,2.33,0.23,41478381312000,0.25,17,33,工业富联,9.33,2026-04-22 14:49:30
326,流感,BK0906,1693.2,3.74,0.22,1483553376000,1.58,56,61,九安医疗,9.47,2026-04-22 14:49:30
325,病毒防治,BK0675,2811.15,6.31,0.22,1335438816000,1.83,50,56,迈威生物-U,8.36,2026-04-22 14:49:30
324,有机硅概念,BK0961,1944.46,4.35,0.22,495265936000,2.74,16,18,三孚股份,3.91,2026-04-22 14:49:30
327,垃圾分类,BK0873,1754.41,3.74,0.21,967454832000,2.11,47,48,威领股份,6.64,2026-04-22 14:49:30
328,参股银行,BK0525,12781.21,25.41,0.2,12078954240000,1.0,100,123,同德化工,10.02,2026-04-22 14:49:30
329,成渝特区,BK0534,23639.95,44.78,0.19,2419790768000,1.59,41,40,爱乐达,7.19,2026-04-22 14:49:30
330,PPP模式,BK0721,859.81,1.55,0.18,2410161440000,1.4,56,78,金 螳 螂,10.02,2026-04-22 14:49:30
331,北斗导航,BK0629,7959.48,14.37,0.18,1597922016000,3.04,40,33,雷科防务,5.94,2026-04-22 14:49:30
332,茅指数,BK0999,747.39,1.33,0.18,13835156480000,0.91,21,21,北方华创,5.71,2026-04-22 14:49:30
333,破增发价股,BK1673,1017.34,1.7,0.17,10224264704000,1.49,262,331,武汉凡谷,10.02,2026-04-22 14:49:30
334,社保重仓,BK0520,15051.22,25.96,0.17,394378736000,1.88,15,9,儒竞科技,3.65,2026-04-22 14:49:30
335,轮毂电机,BK1099,1203.56,1.87,0.16,72800896000,2.77,5,4,圣龙股份,2.7,2026-04-22 14:49:30
338,农业种植,BK0888,2639.8,3.66,0.14,827076384000,2.57,39,45,史丹利,9.98,2026-04-22 14:49:30
339,肝炎概念,BK1078,1419.3,2.04,0.14,640482256000,2.45,31,24,康泰生物,6.35,2026-04-22 14:49:30
337,动力电池回收,BK1052,1091.7,1.55,0.14,3334448976000,3.0,22,21,骆驼股份,6.24,2026-04-22 14:49:30
336,工业大麻,BK0856,2141.16,2.98,0.14,432706032000,2.91,13,22,诚志股份,10.05,2026-04-22 14:49:30
340,麒麟电池,BK1092,2319.49,3.13,0.14,2145138768000,2.47,4,4,富临精工,4.49,2026-04-22 14:49:30
342,页岩气,BK0603,3084.46,4.02,0.13,3270041568000,0.39,11,18,常宝股份,5.13,2026-04-22 14:49:30
341,拼多多概念,BK0957,1735.18,2.23,0.13,231876528000,3.24,10,19,兆驰股份,9.01,2026-04-22 14:49:30
343,降解塑料,BK0909,2083.7,2.43,0.12,886970816000,1.59,34,28,同德化工,10.02,2026-04-22 14:49:30
344,央国企改革,BK0683,5297.04,5.96,0.11,54331162112000,1.2,567,804,中信金属,10.02,2026-04-22 14:49:30
347,破发股,BK1672,1020.16,1.05,0.1,3972024288000,1.57,234,270,宁新新材,13.3,2026-04-22 14:49:30
346,上证180_,BK0612,1762.72,1.83,0.1,49953694720000,0.44,69,106,工业富联,9.3,2026-04-22 14:49:30
345,特色药,BK1656,974.83,0.99,0.1,644184048000,1.64,19,21,新里程,4.31,2026-04-22 14:49:30
348,西部大开发,BK0590,3758.82,3.1,0.08,14192188416000,1.9,279,314,云南锗业,10.0,2026-04-22 14:49:30
350,虚拟数字人,BK1055,1434.7,1.17,0.08,3396206992000,4.39,37,45,中胤时尚,9.66,2026-04-22 14:49:30
349,交运设备,BK0429,11624.54,9.83,0.08,687419904000,0.95,21,28,涛涛车业,14.74,2026-04-22 14:49:30
351,地下管网,BK1058,1274.37,0.71,0.06,412173200000,2.2,19,29,金洲管道,9.97,2026-04-22 14:49:30
352,工程机械概念,BK0991,1831.55,0.88,0.05,1195905840000,1.28,22,33,厦工股份,9.98,2026-04-22 14:49:30
353,2025三季报扭亏,BK1628,949.44,0.51,0.05,135923731000,0.99,6,4,罗欣药业,2.2,2026-04-22 14:49:30
354,行业龙头,BK1661,1010.63,0.39,0.04,31686409472000,0.57,41,54,中信金属,10.02,2026-04-22 14:49:30
356,证金持股,BK0718,1473.99,0.5,0.03,38488168960000,0.51,71,132,苏州高新,9.97,2026-04-22 14:49:30
355,铁路基建,BK0592,3002.65,1.03,0.03,3290168288000,0.93,51,70,四方股份,7.41,2026-04-22 14:49:30
357,煤化工概念,BK0492,12417.66,2.32,0.02,3168372736000,1.43,38,30,科达制造,2.82,2026-04-22 14:49:30
358,一带一路,BK0712,1752.06,0.14,0.01,17623233280000,1.11,187,301,永鼎股份,10.0,2026-04-22 14:49:30
360,智慧灯杆,BK1069,1825.63,0.06,0.0,161838121000,3.16,11,14,格利尔,5.97,2026-04-22 14:49:30
359,供销社概念,BK1109,1156.33,-0.05,0.0,147340622000,1.19,5,9,湖南发展,5.17,2026-04-22 14:49:30
361,新型城镇化,BK1080,1192.73,-0.09,-0.01,587186512000,3.19,39,61,苏州高新,9.97,2026-04-22 14:49:30
362,中药概念,BK0615,2323.9,-0.35,-0.02,1979047664000,2.26,58,82,青山纸业,10.0,2026-04-22 14:49:30
365,乡村振兴,BK0834,1707.47,-0.51,-0.03,1708146064000,2.13,59,84,苏州高新,9.97,2026-04-22 14:49:30
364,反内卷概念,BK1197,1155.59,-0.29,-0.03,5791804160000,1.48,55,96,杭钢股份,9.97,2026-04-22 14:49:30
366,天然气,BK0843,1884.68,-0.56,-0.03,6310266112000,0.93,49,74,金洲管道,9.97,2026-04-22 14:49:30
367,ETC,BK0875,1960.71,-0.66,-0.03,406409088000,4.46,19,21,力源信息,6.73,2026-04-22 14:49:30
363,同步磁阻电机,BK1131,2394.97,-0.73,-0.03,113447602000,2.9,6,1,佳电股份,1.08,2026-04-22 14:49:30
370,油气资源,BK1649,929.51,-0.52,-0.06,6759112704000,0.94,60,91,金洲管道,9.97,2026-04-22 14:49:30
368,参股保险,BK0604,2903.55,-1.85,-0.06,6649241600000,0.55,33,36,建元信托,9.16,2026-04-22 14:49:30
369,油气设服,BK0606,2545.98,-1.59,-0.06,2459168752000,1.39,16,32,金洲管道,9.97,2026-04-22 14:49:30
372,中俄贸易概念,BK1072,1812.59,-1.23,-0.07,751228304000,1.88,33,47,冰轮环境,10.01,2026-04-22 14:49:30
371,食品安全,BK0614,7722.24,-5.4,-0.07,446710672000,1.95,20,30,远 望 谷,4.42,2026-04-22 14:49:30
374,粤港自贸,BK0677,3462.74,-2.92,-0.08,1095319120000,1.34,28,45,阳普医疗,8.31,2026-04-22 14:49:30
373,通用航空,BK0625,6218.92,-5.09,-0.08,1050911680000,1.46,12,23,博云新材,6.79,2026-04-22 14:49:30
375,宠物经济,BK0993,966.57,-0.88,-0.09,440740096000,1.97,26,42,觅睿科技,6.57,2026-04-22 14:49:30
376,地摊经济,BK0924,2058.77,-2.09,-0.1,511332768000,2.03,13,17,福田汽车,3.55,2026-04-22 14:49:30
378,电商概念,BK0665,2378.73,-2.68,-0.11,6294594560000,1.94,124,218,金 螳 螂,10.02,2026-04-22 14:49:30
377,中盘价值,BK1670,1013.51,-1.1,-0.11,4511881472000,0.94,51,71,衢州发展,7.18,2026-04-22 14:49:30
379,养老概念,BK0653,2878.47,-3.26,-0.11,2988702928000,1.61,49,73,京投发展,10.04,2026-04-22 14:49:30
380,生物质能发电,BK1098,1186.64,-1.44,-0.12,269555056000,2.8,16,12,绿色动力,4.62,2026-04-22 14:49:30
381,土壤修复,BK1070,1071.29,-1.28,-0.12,260741290000,2.78,14,21,绿茵生态,3.94,2026-04-22 14:49:30
382,海洋经济,BK0623,3706.01,-4.81,-0.13,2528177888000,2.58,45,63,冰轮环境,10.01,2026-04-22 14:49:30
383,广电概念,BK0904,1759.94,-2.35,-0.13,262771454000,1.99,12,15,创维数字,3.72,2026-04-22 14:49:30
384,婴童概念,BK0664,1844.75,-2.53,-0.14,1347268480000,1.74,60,93,中胤时尚,9.66,2026-04-22 14:49:30
385,装配建筑,BK0945,1167.55,-1.66,-0.14,1415642736000,1.1,28,58,金 螳 螂,10.02,2026-04-22 14:49:30
386,IPO受益,BK0697,3476.05,-4.79,-0.14,2492839424000,1.15,20,30,腾龙股份,4.92,2026-04-22 14:49:30
387,雄安新区,BK0813,1065.82,-1.58,-0.15,2636490880000,1.55,55,84,中持股份,9.97,2026-04-22 14:49:30
389,冷链物流,BK0852,2271.45,-3.41,-0.15,1844811744000,1.95,38,76,冰轮环境,10.01,2026-04-22 14:49:30
390,稀土永磁,BK0578,3694.77,-5.58,-0.15,1468480816000,2.55,22,29,有研新材,7.88,2026-04-22 14:49:30
388,上证50_,BK0611,2087.67,-3.06,-0.15,28208583424000,0.26,15,33,中微公司,3.67,2026-04-22 14:49:30
391,啤酒概念,BK1073,1346.1,-2.16,-0.16,276767968000,2.12,8,11,嘉美包装,3.26,2026-04-22 14:49:30
392,滨海新区,BK0566,11472.81,-18.33,-0.16,233620153000,2.37,7,14,津药药业,3.8,2026-04-22 14:49:30
394,生物疫苗,BK0548,28289.62,-49.4,-0.17,989543952000,1.47,29,37,康泰生物,6.35,2026-04-22 14:49:30
393,快手概念,BK0972,1800.95,-2.99,-0.17,383553408000,5.59,10,22,每日互动,4.59,2026-04-22 14:49:30
397,破净股,BK1112,1531.84,-2.74,-0.18,21580933376000,0.45,78,188,金 螳 螂,10.02,2026-04-22 14:49:30
395,钙钛矿电池,BK1094,1200.67,-2.18,-0.18,880840496000,3.06,21,21,快可电子,10.4,2026-04-22 14:49:30
396,刀片电池,BK0951,3580.61,-6.31,-0.18,1160587648000,3.29,5,7,和胜股份,3.15,2026-04-22 14:49:30
398,味蕾经济,BK1653,973.24,-1.81,-0.19,3898745104000,1.51,28,62,华康股份,7.29,2026-04-22 14:49:30
399,土地流转,BK0632,1911.44,-3.55,-0.19,469678336000,2.35,14,29,京投发展,10.04,2026-04-22 14:49:30
401,新消费,BK1652,986.43,-2.0,-0.2,873708256000,2.47,27,55,诚志股份,9.95,2026-04-22 14:49:30
400,微盘精选,BK1644,941.43,-1.9,-0.2,123791128000,2.14,19,30,凤形股份,5.3,2026-04-22 14:49:30
402,知识产权,BK0839,2215.67,-4.59,-0.21,384084624000,2.69,13,28,顶点软件,3.73,2026-04-22 14:49:30
405,长期破净,BK1635,1001.29,-2.2,-0.22,14709940736000,0.44,44,108,金 螳 螂,10.02,2026-04-22 14:49:30
404,体育产业,BK0708,1550.16,-3.48,-0.22,840732816000,1.72,27,46,东望时代,10.05,2026-04-22 14:49:30
403,汽车一体化压铸,BK1093,1401.64,-3.08,-0.22,369030144000,2.25,12,16,伊之密,2.41,2026-04-22 14:49:30
407,B股,BK0636,922.6,-2.15,-0.23,678817792000,0.19,25,42,汇丽B,4.43,2026-04-22 14:49:30
408,农药兽药,BK0730,1360.83,-3.15,-0.23,343328848000,1.73,15,28,长青股份,4.98,2026-04-22 14:49:30
406,酿酒概念,BK0477,42515.21,-96.4,-0.23,3040620944000,0.66,10,29,古越龙山,1.36,2026-04-22 14:49:30
409,价值股,BK1640,1010.31,-2.47,-0.24,13183960320000,0.52,34,64,常宝股份,5.13,2026-04-22 14:49:30
414,红利股,BK1641,1000.39,-2.55,-0.25,19824027648000,0.23,34,63,四方股份,7.92,2026-04-22 14:49:30
413,工程建设,BK0425,29149.64,-73.71,-0.25,1538215488000,1.27,21,42,镇海股份,10.02,2026-04-22 14:49:30
410,钒电池,BK1095,1473.16,-3.74,-0.25,606764000000,1.81,12,8,振华股份,2.17,2026-04-22 14:49:30
412,娃哈哈概念,BK1165,1742.03,-4.4,-0.25,153382121000,2.41,10,10,宁波色母,5.07,2026-04-22 14:49:30
411,共享经济,BK0807,966.63,-2.41,-0.25,248624880000,1.26,7,11,永安行,3.14,2026-04-22 14:49:30
415,NFT概念,BK0997,1852.06,-4.76,-0.26,661902944000,3.09,19,33,衢州发展,7.18,2026-04-22 14:49:30
417,电子竞技,BK0853,1477.93,-3.8,-0.26,2855828624000,1.64,15,19,顺网科技,4.65,2026-04-22 14:49:30
416,长寿药,BK0936,1113.26,-2.86,-0.26,146867688000,3.03,4,10,众生药业,2.18,2026-04-22 14:49:30
418,快递概念,BK0990,1207.41,-3.41,-0.28,662832960000,1.5,16,24,中邮科技,11.26,2026-04-22 14:49:30
421,中字头,BK0505,9779.17,-28.02,-0.29,16808055808000,0.5,28,68,中信金属,10.02,2026-04-22 14:49:30
419,AI语料,BK1172,1178.88,-3.45,-0.29,501982096000,3.28,12,20,岩山科技,2.63,2026-04-22 14:49:30
420,彩票概念,BK0671,3042.71,-8.89,-0.29,181039298000,2.29,5,14,天音控股,5.1,2026-04-22 14:49:30
422,REITs概念,BK0992,833.52,-2.51,-0.3,710297552000,1.15,7,17,哈投股份,7.01,2026-04-22 14:49:30
424,微盘股,BK1158,3746.54,-12.02,-0.32,962432608000,2.43,120,267,同德化工,10.02,2026-04-22 14:49:30
426,化妆品概念,BK0974,1291.89,-4.19,-0.32,658064032000,1.58,21,39,嘉必优,2.47,2026-04-22 14:49:30
423,户外露营,BK1079,1511.82,-4.83,-0.32,152292760000,1.47,6,21,绿茵生态,3.94,2026-04-22 14:49:30
425,PVDF概念,BK1012,1301.18,-4.23,-0.32,492372496000,2.5,3,13,东阳光,6.95,2026-04-22 14:49:30
427,噪声防治,BK1082,1847.11,-6.12,-0.33,50673699000,2.24,3,5,九州一轨,4.14,2026-04-22 14:49:30
428,肝素概念,BK0944,958.93,-3.29,-0.34,221048196000,1.26,4,9,东诚药业,0.51,2026-04-22 14:49:30
430,中特估,BK1139,1257.68,-4.48,-0.35,26265753600000,0.31,19,60,烽火通信,6.41,2026-04-22 14:49:30
429,换电概念,BK0985,1823.33,-6.32,-0.35,928606464000,1.85,16,26,协鑫能科,4.76,2026-04-22 14:49:30
434,大盘价值,BK1666,1007.61,-3.62,-0.36,31650604544000,0.39,24,72,中兴通讯,6.25,2026-04-22 14:49:30
431,维生素,BK0895,2016.27,-7.23,-0.36,508940864000,2.06,14,16,兴齐眼药,3.42,2026-04-22 14:49:30
435,粮食概念,BK1086,800.33,-2.87,-0.36,237280129000,2.01,13,17,新农开发,1.29,2026-04-22 14:49:30
433,转基因,BK0907,1538.22,-5.49,-0.36,151989108000,1.73,5,12,节能铁汉,1.82,2026-04-22 14:49:30
432,低碳冶金,BK0979,1060.06,-3.78,-0.36,308577440000,0.61,3,3,龙净环保,1.78,2026-04-22 14:49:30
436,可燃冰,BK0818,1757.86,-6.43,-0.36,263130067000,0.8,2,6,中集集团,2.03,2026-04-22 14:49:30
437,海南自贸,BK1193,1087.14,-4.02,-0.37,1286667088000,1.34,28,52,金盘科技,6.38,2026-04-22 14:49:30
440,网红经济,BK0940,785.11,-3.08,-0.39,1711144992000,2.76,42,90,梦洁股份,10.07,2026-04-22 14:49:30
441,HJT电池,BK0908,3437.89,-13.63,-0.39,874467120000,4.03,16,22,欧莱新材,13.78,2026-04-22 14:49:30
438,冰雪经济,BK1185,1098.26,-4.33,-0.39,348589088000,2.31,10,31,冰轮环境,10.01,2026-04-22 14:49:30
439,超级品牌,BK0811,2260.77,-8.89,-0.39,7699622912000,0.56,6,26,安孚科技,4.07,2026-04-22 14:49:30
442,房屋检测,BK1179,1495.16,-6.13,-0.41,282455072000,1.84,13,26,华蓝集团,5.13,2026-04-22 14:49:30
443,谷子经济,BK1183,1154.95,-4.92,-0.42,646719776000,2.65,25,49,尚品宅配,11.78,2026-04-22 14:49:30
445,京津冀,BK0684,1928.42,-8.23,-0.42,833363120000,1.74,20,35,凌云股份,4.11,2026-04-22 14:49:30
444,白酒,BK0896,2053.43,-8.64,-0.42,3057870448000,1.49,13,33,广誉远,2.05,2026-04-22 14:49:30
447,猪肉概念,BK0882,1306.14,-5.82,-0.44,825673552000,3.02,9,27,天邦食品,6.25,2026-04-22 14:49:30
446,包装材料,BK0733,1433.84,-6.33,-0.44,186435969000,4.39,7,21,昇兴股份,4.35,2026-04-22 14:49:30
448,建筑节能,BK1076,1209.02,-5.44,-0.45,288078736000,3.69,13,30,南网能源,4.61,2026-04-22 14:49:30
451,小红书概念,BK1187,1359.38,-6.33,-0.46,711709632000,3.74,20,53,尚品宅配,11.78,2026-04-22 14:49:30
449,环氧丙烷,BK1011,712.55,-3.32,-0.46,674385408000,1.58,8,15,石大胜华,5.63,2026-04-22 14:49:30
450,红利破净股,BK1636,1042.34,-4.82,-0.46,13625380608000,0.18,7,30,南京高科,1.63,2026-04-22 14:49:30
452,AB股,BK0498,12191.58,-58.06,-0.47,1341004720000,1.5,22,48,东方通信,5.49,2026-04-22 14:49:30
454,租售同权,BK0822,720.79,-3.48,-0.48,348436608000,1.12,6,11,市北高新,3.11,2026-04-22 14:49:30
453,青蒿素,BK0872,1927.56,-9.25,-0.48,318102784000,1.37,3,8,海正药业,2.53,2026-04-22 14:49:30
455,首发经济,BK1186,1113.85,-5.46,-0.49,379898432000,2.45,12,29,云天励飞-U,4.83,2026-04-22 14:49:30
456,草甘膦,BK0950,1890.9,-9.34,-0.49,207396856000,1.88,3,10,润丰股份,2.33,2026-04-22 14:49:30
457,调味品概念,BK1026,1056.06,-5.69,-0.54,704446784000,2.61,13,18,莲花控股,6.18,2026-04-22 14:49:30
458,沪企改革,BK0672,2737.58,-15.18,-0.55,920732096000,0.58,7,29,市北高新,3.11,2026-04-22 14:49:30
460,跨境电商,BK1115,1608.8,-9.08,-0.56,1681232512000,2.05,55,109,行云科技,7.48,2026-04-22 14:49:30
461,内贸流通,BK1001,1359.84,-7.61,-0.56,1442330144000,1.72,42,116,深圳华强,10.01,2026-04-22 14:49:30
459,乳业,BK0892,1137.62,-6.35,-0.56,440318992000,1.62,10,20,嘉必优,2.47,2026-04-22 14:49:30
462,预制菜概念,BK1025,1149.34,-6.58,-0.57,658008192000,2.21,14,50,天邦食品,6.25,2026-04-22 14:49:30
463,2026—季报预减,BK1681,1005.13,-5.82,-0.58,191159107000,3.86,6,4,飞龙股份,3.77,2026-04-22 14:49:30
464,零售概念,BK1655,935.82,-5.52,-0.59,3151798096000,0.88,16,45,安孚科技,4.05,2026-04-22 14:49:30
465,ST股,BK0511,7624.34,-46.88,-0.61,857436848000,1.82,49,115,*ST赛为,12.68,2026-04-22 14:49:30
466,短剧互动游戏,BK1151,1400.9,-8.64,-0.61,588295312000,4.44,12,23,创维数字,3.64,2026-04-22 14:49:30
467,新零售,BK0825,1040.64,-6.49,-0.62,2406832976000,1.51,31,119,梦洁股份,10.07,2026-04-22 14:49:30
468,TOPCon电池,BK1097,1052.63,-6.58,-0.62,807264784000,4.16,16,24,帝尔激光,10.56,2026-04-22 14:49:30
469,影视概念,BK0847,1024.0,-6.74,-0.65,623615952000,2.94,20,41,东望时代,10.05,2026-04-22 14:49:30
470,上海自贸,BK0643,3637.49,-24.61,-0.67,984825584000,0.58,7,26,芯原股份,7.82,2026-04-22 14:49:30
471,统一大市场,BK1077,1369.85,-9.41,-0.68,410811664000,1.23,7,31,兴通股份,1.07,2026-04-22 14:49:30
472,SPD概念,BK1147,1095.01,-7.58,-0.69,98051320000,2.0,3,10,润达医疗,1.39,2026-04-22 14:49:30
473,水产概念,BK0967,978.94,-7.02,-0.71,232292085000,1.79,3,13,天马科技,3.94,2026-04-22 14:49:30
474,进口博览,BK0850,973.99,-7.17,-0.73,246854555000,0.67,1,14,东方明珠,0.6,2026-04-22 14:49:30
476,抗菌面料,BK1116,1743.11,-13.38,-0.76,149906457000,2.47,4,12,圣泉集团,2.84,2026-04-22 14:49:30
475,净水概念,BK1068,1248.84,-9.53,-0.76,1093963360000,0.79,3,18,狮头股份,2.04,2026-04-22 14:49:30
477,航天航空,BK0480,65376.92,-516.16,-0.78,1572474976000,2.81,14,37,爱乐达,7.19,2026-04-22 14:49:30
478,低价股,BK1053,1186.3,-10.02,-0.84,1582478768000,1.61,32,99,建元信托,8.76,2026-04-22 14:49:30
479,鸡肉概念,BK0887,813.12,-6.95,-0.85,383974688000,1.47,3,16,天马科技,3.94,2026-04-22 14:49:30
480,退税商店,BK0933,1280.55,-11.46,-0.89,151891506000,1.04,2,10,小商品城,1.54,2026-04-22 14:49:30
481,旅游酒店,BK0485,16434.7,-157.71,-0.95,384012976000,2.27,6,32,金马游乐,4.03,2026-04-22 14:49:30
482,举牌,BK0685,3012.47,-31.99,-1.05,108896978000,0.41,2,2,塔牌集团,0.65,2026-04-22 14:49:30
483,资源开采概念,BK1017,1833.97,-19.88,-1.07,380052944000,1.21,5,16,潜能恒信,2.36,2026-04-22 14:49:30
484,旅游概念,BK0692,1716.1,-19.67,-1.13,420300592000,1.95,10,42,*ST天择,2.09,2026-04-22 14:49:30
485,免税概念,BK0927,1297.08,-16.3,-1.24,713632688000,0.71,1,17,招商蛇口,0.58,2026-04-22 14:49:30
486,社区团购,BK0965,896.23,-11.41,-1.26,543193648000,1.36,5,33,龙大美食,2.4,2026-04-22 14:49:30
487,文娱消费,BK1654,982.69,-12.69,-1.27,1243154368000,3.25,19,73,顺网科技,4.69,2026-04-22 14:49:30
488,超跌股,BK1671,1032.02,-22.79,-2.16,54506010000,2.45,4,5,*ST熊猫,3.89,2026-04-22 14:49:30
489,昨日炸板,BK1631,793.91,-17.57,-2.17,96877301000,6.88,5,12,华升股份,2.35,2026-04-22 14:49:30
490,昨日触板,BK0817,24.77,-0.58,-2.29,108862718000,6.82,5,15,华升股份,2.25,2026-04-22 14:49:30
491,船舶制造,BK0729,1377.68,-42.48,-2.99,732994848000,2.66,4,7,中国动力,3.75,2026-04-22 14:49:30
